Group,n,splits,ATE,ATE_LB_95,ATE_UB_95,StdErr,p_value,X_dim
Developed,48,4,-1.7967368541397264,-8.293711426115403,4.700237717835949,3.314843855919283,0.5877994937898288,6
Developing,119,5,0.16683888498689817,-1.2606012520428982,1.5942790220166945,0.728299166866974,0.8188066184993599,9
