Group,count,mean,std,min,max
Developed,24,-0.14524823076789153,0.16587971458023015,-0.3954306379517735,0.0671927636423868
Developing,143,0.006959530621011772,0.2036846974126414,-0.6004791550452412,0.2948599961726078
