ATE,ATE_LB_95,ATE_UB_95,StdErr,p_value,n_obs,n_features_X,cv_splits,treatment,outcome
-0.5280976960761746,-1.041839587845164,-0.014355804307185305,0.2621180265664675,0.04393268931093308,167,11,5,Capital_Formation(t-1),GDP_Growth(t)
