Group,n_LinearDML,splits,ATE,ATE_LB_95,ATE_UB_95,StdErr,p_value,X_dim,ATE_CF,HTE_std,n_CausalForest
Developed,48,4,-1.7967368541397264,-8.293711426115403,4.700237717835949,3.314843855919283,0.5877994937898288,6,-0.1452482307678915,0.1658797145802301,24
Developing,119,5,0.1668388849868981,-1.2606012520428982,1.5942790220166945,0.728299166866974,0.8188066184993599,9,0.0069595306210117,0.2036846974126414,143
