GroupA,GroupB,n_A,n_B,mean_A,mean_B,t_stat,p_value
Developed,Developing,48,119,-0.17402207521879465,0.038492916617759346,-6.965033896552312,4.171396861977737e-09
