Group,count,mean,std,min,max
Developed,48,-0.17402207521879465,0.20275695445472064,-0.5769302800936359,0.1996285005202107
Developing,119,0.03849291661775935,0.09415504308030466,-0.2235677904242945,0.2638546347849057
