Model,R2_Y_mean,R2_Y_std,MSE_Y_mean,R2_T_mean,R2_T_std,MSE_T_mean
RandomForest,0.3923564288288755,0.11165985866295923,0.5758017691728418,0.7724585857796324,0.06074663922945317,0.21968986016403624
XGBoost,0.3891549514066793,0.1396649223978857,0.5736339829018392,0.7699740842301623,0.07565589884751565,0.22605036422947444
GradientBoosting,0.34651251299548813,0.17810485487797817,0.6113662654343593,0.7220833608827874,0.0836391340962111,0.2614378115831387
Ridge,0.22110600027599606,0.12460899786503545,0.7431938250559654,0.718792717391129,0.07057133564513668,0.2641736000247647
LinearRegression,0.20937193680161967,0.1324812328053359,0.7539290983225907,0.716058231323595,0.06879348670990727,0.2681796926437824
Lasso,-0.04529374272124094,0.03778003147722092,1.0032947162755819,-0.01654293155431268,0.02046354815904642,0.9905790975805655
