Category,ATE_CF,HTE_std,n
Developed,-0.14524823076789153,0.16587971458023018,24
Developing,0.006959530621011781,0.20368469741264142,143
