Country,n_obs,n_splits,ATE,ATE_LB_95,ATE_UB_95,StdErr,p_value,treatment,outcome
France,24,4,-3.782543092425433,-6.9999938479151,-0.5650923369357668,1.641586672443222,0.02121145059807747,Capital_Formation(t-1),GDP_Growth(t)
DRC,23,3,0.5380200555589003,0.07423667505547216,1.0018034360623278,0.23662852183085606,0.02298459326109216,Capital_Formation(t-1),GDP_Growth(t)
Ghana,24,4,0.2914380122074096,-0.3184354858580592,0.9013115102728784,0.31116566573471405,0.3489639391005277,Capital_Formation(t-1),GDP_Growth(t)
Morocco,24,4,1.6969149105133738,-2.5527213803917084,5.9465512014184565,2.168221622655146,0.4338445216530108,Capital_Formation(t-1),GDP_Growth(t)
Germany,24,4,0.44609726475483275,-1.2600085357281798,2.1522030652378437,0.8704781383436412,0.6083194318764653,Capital_Formation(t-1),GDP_Growth(t)
Angola,24,4,0.12700502141491446,-1.9408293456693855,2.1948393884992137,1.0550369207776842,0.9041823764587787,Capital_Formation(t-1),GDP_Growth(t)
Nigeria,24,4,-0.009117090871363235,-0.5407430283133944,0.5225088465706682,0.27124270733310857,0.9731863149478294,Capital_Formation(t-1),GDP_Growth(t)
