Category,ATE_CF,HTE_std,n
Developed,-0.17402207521879465,0.20275695445472064,48
Developing,0.03849291661775937,0.09415504308030472,119
