GroupA,GroupB,n_A,n_B,mean_A,mean_B,t_stat,p_value
Developed,Developing,24,143,-0.1452482307678915,0.006959530621011774,-4.015734850455315,0.00029053435992296964
