Trace Statistic,Critical Value 95%
291.8975496265052,125.6185
183.1243791343485,95.7542
117.1609656096447,69.8189
65.36801366535919,47.8545
29.121260660549158,29.7961
9.686969779706336,15.4943
0.16051052766704005,3.8415
