Trace Statistic,Critical Value 95%
402.22437784943963,125.6185
265.10165932232263,95.7542
160.16200511583992,69.8189
98.95449904072099,47.8545
41.729933185202235,29.7961
21.05776934465457,15.4943
4.241606180156555,3.8415
