variable,count,mean,std,min,max
GDP_Growth,22,-0.23476776411688796,1.8671452779444917,-5.412121392195665,2.926439536823052
Capital_Formation_lag1,22,-0.015551366055460682,0.19298958265625565,-0.537518444243235,0.30864020621877675
Inflation_lag1,22,0.01651526879883022,0.3382918555006291,-0.4611646399004634,0.9710691594307397
Exchange_Rate_lag1,22,0.02258181881292183,0.08951490285882817,-0.11176596385489534,0.26336703036235387
Government_Debt_lag1,22,-0.0031078846513929196,0.11803483544390948,-0.26453391554727146,0.19382481708865962
Trade_Balance_lag1,22,0.12096616829911641,1.610752607570619,-1.9826931982961353,3.3191321158427005
Reserves_lag1,22,-0.008066484783433303,0.2672753868750176,-0.622301420294102,0.5797931983618341
