lag,aic,bic,hqic,fpe,status
1,-8.874233914191102,-6.097034942006297,-8.220009344785833,0.00017863558937219424,OK
2,,,,,FAIL: 7-th leading minor of the array is not positive definite
