,GDP_Growth,Capital_Formation_lag1,Inflation_lag1,Government_Debt_lag1,Trade_Balance_lag1,Exchange_Rate_lag1,Reserves_lag1
const,-12.474338555248599,1.6839884920794583,-1.8460294164217357,4.81202864596087,-0.022552097223805776,2.76882866465869,3.090207352488237
L1.GDP_Growth,0.198828328329693,0.002316588750280839,-0.1453762669492387,-0.01549714639786852,-0.1788425943004803,-0.03479212083291455,0.014933460887204986
L1.Capital_Formation_lag1,1.380201347469086,0.43053153587945564,-0.9742558111672014,0.20924166261938956,3.720950811829461,-0.19041034793267478,-0.27770248530393477
L1.Inflation_lag1,0.3419263825637023,0.05285769608298221,0.3296645834646524,-0.07135374980200974,0.20607608678054576,0.05390683752977624,0.09423450588316323
L1.Government_Debt_lag1,1.8627565636786474,0.020643901380478225,0.9667154677859654,0.4222680627467877,0.030006404010688895,-0.08089085778399048,-0.4182996626361792
L1.Trade_Balance_lag1,-0.31785919690882525,-0.06717331211320592,0.005629202076103519,0.03704765586756706,0.49994225705660833,0.01196202681575127,-0.029117145404271405
L1.Exchange_Rate_lag1,2.0828149370700153,0.0302596807062231,-0.07189655501659015,-0.23211465632031827,-0.7577741600960338,0.5547748429853818,0.41303302875986425
L1.Reserves_lag1,-1.3899988349924852,-0.15844261124927292,0.539387482748768,-0.2138471838519693,-0.7495054494397484,0.19304414143076443,0.36792612796918234
