,count,mean,std,min,25%,50%,75%,max,skew,kurtosis
GDP_Growth,174.0,-1.6334315764600004e-16,1.0,-2.8933885299503985,-0.5943654255284309,-0.1069450912877806,0.623990181634914,2.650500416675554,0.11536938687454701,0.9526331569900335
Capital_Formation,174.0,-3.062684205862501e-16,1.0,-3.03991767139684,-0.3387871477204008,0.17140607098899865,0.5780743079173769,1.4816487715012747,-1.2023153738650354,1.2227552274383995
Inflation,174.0,-1.9396999970462506e-16,1.0,-1.6291160314066877,-0.8425642651091363,0.1051772633215227,0.6470529047456266,3.222078748813604,0.5805767926143004,0.3940949367100006
Government_Debt,174.0,-1.0208947352875003e-17,1.0,-2.991456977097628,-0.6823054415863736,0.27419582069793946,0.6021267286317171,1.7540536037428407,-0.8433450084933614,0.5032472235258205
Trade_Balance,174.0,-2.0417894705750005e-17,0.9999999999999998,-1.8634077094125252,-0.7190473392273128,-0.13472519248106055,0.6595396540627451,2.9627433182118583,0.5507633978121579,0.23998610294969458
Exchange_Rate,174.0,2.0417894705750005e-17,1.0,-1.1753369089027847,-1.0673117983179283,-0.1879119651561663,0.8605723292045594,1.8098568866890152,0.27710496661961626,-1.414144362200934
Reserves,174.0,6.125368411725002e-17,1.0,-2.8126744745410623,-0.4543737741456702,0.47539757783189945,0.7619675956583695,0.99305298619435,-1.269924200193588,0.6132142665057136
