source,target,lag,p_value,val,sign
Government_Debt,Exchange_Rate,1,0.029341317365269456,1.3714238676699981,positive
GDP_Growth,Exchange_Rate,2,0.029341317365269456,0.6221966329164473,positive
GDP_Growth,Exchange_Rate,3,0.029341317365269456,0.6847906178788533,positive
GDP_Growth,Exchange_Rate,1,0.0451404882542607,0.6261022302430972,positive
Exchange_Rate,GDP_Growth,2,0.029341317365269456,0.6981573680877088,positive
Trade_Balance,GDP_Growth,3,0.029341317365269456,0.41272747720116176,positive
Exchange_Rate,GDP_Growth,3,0.029341317365269456,0.723407994654125,positive
Exchange_Rate,GDP_Growth,1,0.0451404882542607,0.66083489523892,positive
