Trace Statistic,Critical Value 95%
341.68453619656475,125.6185
211.21255697429717,95.7542
118.93399970655497,69.8189
73.88897835423955,47.8545
40.01417101349609,29.7961
18.879297804839922,15.4943
0.00044180666680166737,3.8415
