,GDP_Growth,Capital_Formation_lag1,Inflation_lag1,Exchange_Rate_lag1,Government_Debt_lag1,Trade_Balance_lag1,Reserves_lag1
GDP_Growth,,0.09609800866167272,0.08136426394918377,0.19522100722035296,0.2898036969838943,0.08129540250344511,0.32132429500114396
Capital_Formation_lag1,0.0965269122741479,,0.1489369376607038,0.0029280941316934435,0.0008143339698184729,0.10616003457332979,0.2857637093257695
Inflation_lag1,0.3347904332619126,0.5361536926259804,,0.05121545900606778,0.039304474398546146,0.047622193075905456,0.331399470015901
Exchange_Rate_lag1,0.10580286682062777,0.0033714274528189453,0.4726070726636251,,0.004409259351855634,0.1278427136693672,0.46362380205574405
Government_Debt_lag1,0.01938161616843816,0.3240386662545992,0.08282854835439141,0.12437606488696226,,0.011607643153334736,0.27485410487322276
Trade_Balance_lag1,0.13043996144853587,0.14615428781063614,0.2633803054119317,0.06882947165692385,0.0952675432278667,,0.19213769667065347
Reserves_lag1,0.3246885160851371,0.11143850492580372,0.3802972280788034,0.22190012180071805,0.012305700053250407,0.07406938403918437,
