lag,aic,bic,hqic,fpe,status
1,-14.706906048058528,-11.942224478839728,-14.011596382623118,5.0692020021482e-07,OK
2,-21.094973839918346,-15.88772576707184,-19.86830277228347,5.685344916532812e-09,OK
