Trace Statistic,Critical Value 95%
,125.6185
171.72995965319552,95.7542
79.33715464270601,69.8189
40.041777846377265,47.8545
20.60808158832452,29.7961
7.122463882565132,15.4943
0.6632412116353394,3.8415
