,GDP_Growth,Capital_Formation_lag1,Inflation_lag1,Exchange_Rate_lag1,Government_Debt_lag1,Trade_Balance_lag1,Reserves_lag1
GDP_Growth,,9.77033313165416e-05,0.0005998734399515381,0.912070186325027,0.0012419039726983903,0.20983084461394835,0.3529917084902644
Capital_Formation_lag1,0.35244626469469886,,0.5755165224543808,0.07710009121207814,0.36297400461044516,0.031514420529998095,0.10053534781269309
Inflation_lag1,0.06740811073927792,0.08694951210180578,,0.4528191854025161,0.16203951495552643,0.4472009884911051,0.6257318517102385
Exchange_Rate_lag1,0.3118959818055166,0.44198628819515384,0.6138411365263304,,0.034982292107124995,0.44902390704941986,0.32912067891227864
Government_Debt_lag1,0.13743483272740323,0.07993820747175027,0.115753671146021,0.4390495102123443,,0.15800307026597712,0.6899072337343493
Trade_Balance_lag1,0.7203920747169016,0.0012861097602518104,0.24640979866199628,0.0629660901714264,0.7741348630934338,,0.02236915076385431
Reserves_lag1,0.20025727374377095,0.0048568021708005615,0.3721065372768473,0.06010993263834325,0.8304615144264281,0.15316192471810908,
