variable,count,mean,std,min,max
GDP_Growth,22,-0.42946776481275895,2.285874329044928,-5.940063479565033,4.557097827454426
Capital_Formation_lag1,22,0.003044061364174657,0.022139232723505743,-0.030013357835970034,0.04779190354304408
Inflation_lag1,22,0.0008107616428369688,0.33501710217463926,-0.9619677392287357,0.4616129804876721
Exchange_Rate_lag1,22,-0.011938184645382311,0.06656295616289677,-0.14159277022278274,0.16936236905322916
Government_Debt_lag1,22,0.0010826314010967876,0.02962039948221868,-0.045801511438619436,0.06317321992556657
Trade_Balance_lag1,22,0.04277383019276075,0.46104645292025276,-0.5216488897736394,1.1097436387635204
Reserves_lag1,22,0.01613160420517841,0.19192376179466428,-0.3478997443573224,0.3879214714945878
