Trace Statistic,Critical Value 95%
309.4479851327941,125.6185
190.56536246994443,95.7542
122.01371402419386,69.8189
70.84245714712532,47.8545
43.87112299426163,29.7961
23.40624576232187,15.4943
10.576418229565249,3.8415
